,name,city
0,Big Bird,Fakeville
1,Patricia Pham,Alyssamouth
2,Dr. Nicholas Pollard,Williamborough
3,Pamela Silva,Benjaminbury
4,Michael Hammond,West Matthewtown
5,Mercedes Foster,Port Timothyville
6,Patrick Fitzpatrick,Wesleyberg
7,Christopher Chandler,Haleyburgh
8,Zachary Steele,Port Victoriaburgh
9,Jason Smith,Clarencechester
10,Rachel Black,Michaelton
11,Jerry Velez,Port Daniel
12,Karen Burns,Jonport
13,Patty Miller,South Lauraport
14,Jason Thomas,South Samanthaport
15,Christopher Burnett,West Timothyfurt
16,Jack Olson,East Christine
17,Ashley Green,Nortonside
18,Jack Meza,Monicaberg
19,Randy Riley,Port Michael
20,Lori Wong,Danielborough
21,Brandon Anderson,Webbhaven
22,Cassandra Hawkins,North Cassandrastad
23,Sharon Dixon,New Walter
24,Jason Juarez,Sharonmouth
25,James Burton,North Scott
26,Matthew Cox,Johnsonshire
27,Holly Berry,East Stephen
28,Kevin Buchanan,Loritown
29,Sharon Potter,Katherineshire
30,Mark Richards,Sheilamouth
31,Amanda Hanson,Newmanfort
32,Christopher Huffman,Lake Wendy
33,Claudia Cooper,Markview
34,Jessica Hill,Owenschester
35,Marissa Wilson,Elizabethchester
36,Amanda Roy MD,Brandonton
37,Jill Hughes,Whiteside
38,Shannon Warner,Dawnmouth
39,Jennifer Neal,South Paul
40,Denise Watson,North Roy
41,Jennifer Perez,West Lauriestad
42,Erin Gonzales,West Aaron
43,Eric Hogan,West George
44,Angelica Taylor,New Ginatown
45,Kevin Johnson,Mannmouth
46,Kathleen Williams,South Kimberlyburgh
47,Jason Cook,Erinmouth
48,Troy Martinez,Elizabethhaven
49,Jacqueline May,Mcdowellfurt
50,Joseph Rose,Smithstad
51,Amber Ayers,North Andrewburgh
52,Andrew Sutton,North Samanthaland
53,Dean Pitts,Janeville
54,Matthew Malone,New James
55,Elizabeth Banks,South Morgan
56,Emily Hubbard,North Manuelton
57,Michael Jones,Sherryview
58,Mr. Charles Moon,Brandonville
59,Stephanie Williams,Robertfurt
60,Tammy Brooks,South Robert
61,Angela Stewart,West Carrie
62,Margaret Watkins,Holtfurt
63,Danielle Garcia,West Regina
64,Alexandria Gomez,Davidfurt
65,Jonathan Clark,Jenniferton
66,Charles Flowers,Williamsmouth
67,Deanna Oconnor,Bakerview
68,David Knox,Wilsonchester
69,Maurice Edwards,Port Erinborough
70,Alexander Peterson,South Sarah
71,Dr. James Harris,Millerborough
72,Brian Smith,Port Nicolemouth
73,Caleb Bowen,Kylemouth
74,Larry Whitney,Lake Feliciaton
75,Julie Frazier,Port Andrew
76,Christine Johnson,Collinsview
77,Natasha Knight,Josephport
78,Barbara Padilla,Michaelmouth
79,Andrew Sandoval,Michaelport
80,Felicia English,Huffshire
81,Paula Hall,West Justinmouth
82,Ryan Riley,Bakerside
83,Stephen Hobbs,Wilsonfort
84,Lori Andrews,East Brad
85,Richard Sandoval,West Ashley
86,Dr. Brittney Sanchez,Harveyshire
87,Alexis Decker,Harveymouth
88,Michelle Evans,Wendychester
89,Glenn Wood,Laurastad
90,Susan Montgomery,Port Benjaminfort
91,Haley Gonzalez,Mariaview
92,Doris Green,Amandaport
93,Derek Williams,Huntview
94,Krista Baker,North Nicholas
95,Nicholas Jones,Michellemouth
96,Courtney Frazier,North Hayley
97,Stephanie Henson,Port Kaylamouth
98,Stephanie Berger,Powershaven
99,Alejandro Gonzales,East Jacobport
100,Paul Mendez,Jeremyside
101,Melissa Goodman,South Deborahfort
102,Mark Mitchell,East Matthew
103,Edward Evans,Jamieview
104,Amy Holland,Vegamouth
105,Ashley Nguyen,Castilloport
106,Todd Lyons,New Brianna
107,Darryl Richardson,Leemouth
108,Meghan Jimenez,Booneland
109,Melissa Gentry,North Charlene
110,Heather Riley,West Marcus
111,Pamela Weaver,North Walter
112,Mary Bowers,East Andrew
113,Richard Frazier,Richardhaven
114,Heidi Dixon,South Markport
115,Maurice Baker,New Jennifermouth
116,Charles Martinez,New Meredith
117,Karina Jones,New Samantha
118,Steven Schneider,South Kimberlyfort
119,Janet Brown,North Lisachester
120,Mark Moss,Dorothyport
121,Anthony Barnett,Friedmanshire
122,Steven Boyd,Timothyport
123,Kimberly Reese,Annaview
124,Dale Daniel,Katieburgh
125,Bernard Morgan,East Alyssa
126,James Peters,Steventown
127,John Rodriguez,West Lukeborough
128,Steven Cook,Ritterburgh
129,Seth Moore,Pollardtown
130,Hailey Pham,South Thomas
131,Brandon Gonzalez,Millermouth
132,Brandon Jackson,New Joshua
133,Rebecca Mccarthy,Arroyomouth
134,Steven Yu,Kevinstad
135,Meghan Munoz,East Ryanborough
136,Thomas Ingram,Terrellshire
137,Laurie Ellis,Haleychester
138,Samantha Robinson,Curtisview
139,Rebecca Owen,Rosston
140,Christopher Rodriguez,East Michaelburgh
141,Melissa Hardy,Richardshire
142,Gregory Harris,Briannamouth
143,Randy Buck,Port Jeffreybury
144,Brian Moore,Staffordchester
145,Michael Ingram,Lake Joshuaport
146,Jacob Andrews,Kellyport
147,Frank Torres,East Karihaven
148,Robert Merritt,Amberstad
149,Jonathan Le,Lake Christopherberg
150,Kenneth Harris,East Mitchell
151,Tristan Hayes,Port Michaelland
152,Matthew Benjamin,Tylerborough
153,Samantha Mcdaniel,Tylermouth
154,Tammy Nguyen,Thompsonborough
155,Morgan Anderson,West Belindatown
156,Lisa Williams,Lindaborough
157,Samuel Evans,Johnsonville
158,Kirsten Brown,Brittanyland
159,Jacob Wilson,New Thomas
160,Diana Colon MD,New Mark
161,James Bryant,Millertown
162,Ann Rivera,Lake Carriehaven
163,Jill Coleman,Jordanberg
164,Gregory Sims,Taylorchester
165,Laura Pearson,Alexabury
166,Autumn Brewer,Valdezburgh
167,Anna Norman,Richardville
168,Jillian Meyer,Greenport
169,Hannah Ward,Port Coryport
170,James Hayes,Pottsside
171,Theodore Adams,Lake Michaelmouth
172,Frederick Ellison,Leebury
173,Jacob Nixon,North Christopherport
174,Shawn Hawkins,West Robertmouth
175,Joshua Cunningham,Alfredborough
176,Tiffany Cherry,Diazville
177,Andrew Ford,Lake Colleen
178,Kristin Huff,New Angelaview
179,Ashlee Whitney,Jessicafurt
180,Jeffrey Phillips,Jacobshire
181,Claire Sanchez,Bryanborough
182,Gregory Rowe,West Carlosshire
183,Shannon Lee MD,Buckberg
184,Tammie Shelton,Brentland
185,Daniel Duffy,Paynefurt
186,Jeffrey Underwood MD,South Timothyside
187,George Jenkins,New Robertshire
188,James Rodriguez,Browningside
189,Hannah Blake,West Amyville
190,John Vaughn,Stephanieberg
191,Richard Guerra,Craigport
192,Jacob Finley,West Jimmy
193,Kristin Best,East Virginia
194,Kathryn Davila,West Roger
195,Matthew Edwards,Andrewsville
196,Thomas Carey,Blairside
197,Ann Hernandez,Lake Diana
198,Tyler Stanley,North Shawnberg
199,Andrew Mccann,Lake Ricky
200,Tina Robinson,Port Douglas
201,Elijah Marsh,South Erikaburgh
202,Anita Daniels,Alanburgh
203,Dustin Reeves,East Emilystad
204,Steven Rogers,South Stephen
205,Kimberly Green,East Juliefort
206,Nathan Martinez,Phamberg
207,Scott Stevenson,East John
208,Christopher Parker,Katieborough
209,Lisa Butler,Chloehaven
210,Brian Wilkins,Barbarafort
211,Jamie Marshall,South John
212,Wendy Burns,East Ryan
213,Alison Cummings,Bryanborough
214,Mr. Michael Sanders MD,Pettyfurt
215,Martha Thompson,Shirleystad
216,Kimberly Smith,North Sharontown
217,Susan Tyler,New Pennyville
218,Eric Wong,Fryshire
219,Kathleen Chen,Lake Tylerberg
220,Ashley Farrell,East Jamesmouth
221,Wendy Dixon DVM,Josephfort
222,Michael Swanson,Santosport
223,Mark Jackson,West Christopherfort
224,Lori Anderson,Savagetown
225,Michael Zavala,Cookhaven
226,Tonya Bryant,Timothyborough
227,Jacob Francis,Jenniferside
228,Anthony Stephenson,Mcgeestad
229,Anthony Wheeler,Lake Benjamin
230,Jennifer Gordon,Andersonmouth
231,Rachel Berger,Port Blake
232,Peter Wilson,Wattsfort
233,Albert Randall,West Davidstad
234,Robert Austin,Shirleymouth
235,Kimberly Werner,East Candice
236,Tamara Hall,Kyleville
237,Abigail Owens,Waltersview
238,John Allen,Port Doris
239,Eric Butler,East Misty
240,Julie Carpenter,East Lauratown
241,Shelby Alvarez,North Ricky
242,Adam Jones,Candiceburgh
243,Ryan Bird,Lake Joseph
244,Teresa Paul,South Kevin
245,Phyllis Hammond,North Marvinmouth
246,Brendan Brown,Pachecoshire
247,Michael Glover,Gonzalesfurt
248,Daniel Haynes,East Dwayneview
249,Victoria Sweeney,Jenningsview
250,Alison Stevens,Yangborough
251,Jacob Smith,South Marcusville
252,Michael Diaz,Bellborough
253,Kenneth Porter,Annview
254,Joanna Johnson,New Whitneyview
255,Hannah Stevens,North Danny
256,Jeremy Martin,South Oliviamouth
257,Deborah Carey,Jenniferton
258,Sandra Lopez,Wagnershire
259,Mark Simmons,Kevinside
260,Johnny Moreno,Lake Caleb
261,Robert Glass,East Aliciaside
262,Michael Hill,East Sandyborough
263,George Turner,East Jerryhaven
264,Justin Martinez,South Elizabethborough
265,Terry Jones,New James
266,Roberto Peterson,Erictown
267,Russell Lopez,West Seth
268,Christopher Edwards,East Adammouth
269,Brent Harris,Port Ashleybury
270,Benjamin Frost,Jamestown
271,Jacqueline Johnson,Andrewville
272,Jason Harvey,South Kelsey
273,Steve Schwartz,New Davidfort
274,John Cardenas MD,Port Damon
275,Charles Henderson,Lisaborough
276,Sheryl Joseph,East Dustin
277,Monica Mack,Baldwinstad
278,Lawrence Taylor,Alexshire
279,Brittney Maldonado,Josephburgh
280,Justin Gallagher,East Kellymouth
281,Jessica Levine,South Angelaburgh
282,Benjamin Doyle,Kristenmouth
283,Vickie Mayer,New Josephburgh
284,Kelli Moore,West Linda
285,Michael Barnes,West Chad
286,Richard Dennis,Ericamouth
287,Joshua Gates,West Gabriel
288,Catherine Patterson,Riveraside
289,Patrick Morris,North Shannon
290,Timothy Brandt,Jaredhaven
291,Dennis Boyer,Wadefort
292,Shane Bowman,Nicholechester
293,Cynthia Wheeler,Silvamouth
294,Kristen Phillips,Nunezstad
295,Jessica Davis,South Natashachester
296,Daniel Short,West Michael
297,Michelle Matthews,Thompsonmouth
298,David Barnes,Joyburgh
299,Lori Rowe,Sarahfort
300,Melissa Hines,Alanfort
301,Angela Clark,West Anitafort
302,Sylvia Moon,Destinyburgh
303,Amy Cruz,East Joanna
304,Stephanie Mcgee,Bradleyport
305,Mark Green,Albertville
306,Kristin Wilson,Kristiechester
307,Paul Kelly,Daniellemouth
308,Mr. Cory Jones,Jamesport
309,Joseph Edwards,West Jeffreymouth
310,Cody Parsons,Campbellshire
311,Cynthia Cain,Port Garyland
312,Brandi Phillips,Jacobfurt
313,Luke Bird,South Ryan
314,Christopher Fowler,Craigville
315,April Brown,New Angelafort
316,Lisa Snow,Lake Kaitlyn
317,Mathew Vega,West Jonathanland
318,Nicholas Kelley,Port Josephshire
319,Jennifer Ware,Leeland
320,Mark Martinez,Masonfurt
321,Travis Jones,East Tammiefort
322,Nicholas Bond,Oneillborough
323,Mia Cherry,South Megan
324,William Reed,Bakerhaven
325,Kimberly Davis,North Sharonshire
326,Annette Osborne,Lake Connor
327,Kevin Miles,Robersonmouth
328,Tyler James,East Shelleyport
329,Sandra Christian,Port Susan
330,Micheal Trevino,Jamesstad
331,Richard Rivera,Port Denisemouth
332,Nathan Lee,North Linda
333,Micheal Hawkins,East Sarahmouth
334,Eric Henry,Sarahport
335,Danielle Benitez,Lake Miranda
336,David Campos,Dorothyport
337,Beth Mcclain,New Tiffanyport
338,Matthew Delgado,Lake Waynehaven
339,John Griffith,South Christopherton
340,Judy Shaw,Jameschester
341,Jennifer Ramos,South Amyburgh
342,Frank Mcknight,Lake Steven
343,Jonathan Contreras,West Angie
344,Cameron Baker,Diazport
345,Isaiah Pineda,Catherineberg
346,Paul Smith,East Joshua
347,Pamela Torres,Harrisstad
348,Michael Lutz,Gonzalezfort
349,Frank Cruz,Eatonton
350,Garrett Mathews,East Melissamouth
351,Lisa Brown,North Jamesmouth
352,Mandy Nichols MD,West Brandon
353,Mrs. Elizabeth Smith,East Brianview
354,Lisa Johnson,North Ryanside
355,Heather Cruz,Rothport
356,Tonya Ford,Davisshire
357,Ethan Robinson,Ginaview
358,Bryan Mosley,New Jenniferside
359,Ashley Johnson,Philipland
360,Barbara Lopez,Brianfort
361,Brittany Hogan,Campbellmouth
362,Dr. Haley Jimenez,Robinview
363,Danielle Garcia,Andrewview
364,Marvin Woods,Julieton
365,Kelly Schultz,Dawsonberg
366,Andrea Barker,Ronaldton
367,Laura Fitzpatrick,Nelsonside
368,Nicole Welch,Philipview
369,Dawn Wood,Vargasville
370,Brandon Perez,Mauricechester
371,Michelle Harris,Shortchester
372,Douglas Smith,Lake Brandiburgh
373,Peggy Webb,Port Tammytown
374,Jon Garrett,East Jaimefort
375,Courtney Chavez,Robersonshire
376,Jerry Hughes,South Andrew
377,John Gibson,Fullerborough
378,Stacey Bolton,West Jason
379,Karen Walker,Robertoland
380,Katherine Garcia,Port Theresa
381,Larry Clark,Bellville
382,Ryan Huber,New Robertton
383,Amy Rose,West Daniel
384,Michael Coleman,West William
385,Monica Townsend,Portermouth
386,Carlos Morris,South Jakeside
387,Ryan Johnson,Zavalatown
388,Jennifer Delgado,Amberburgh
389,Andrew Miller,Priceshire
390,Travis Price,Jennaton
391,Katrina Wright,Lisashire
392,Michaela Duncan,Richardtown
393,Earl Floyd,South Michael
394,Joseph Marshall,Huangfort
395,Elizabeth Lee,Lake Jesus
396,John Mooney,Jenniferville
397,Marissa Galvan,Lake Kimberly
398,Tracy Wallace,New Brandyland
399,Joshua Atkinson,Melanieburgh
400,Elizabeth Crawford,North Douglas
401,Joseph Moore,Montgomeryview
402,Edward Martinez,East Robert
403,Kimberly Prince,West Jasontown
404,Jason Miller,Tylertown
405,Kaitlyn Smith,Lake Stephanie
406,Dawn Williams,Port Daniel
407,John Smith,Jimenezborough
408,Karen Gomez,Port Vincentville
409,Traci Castillo,Lake Michaelbury
410,Christopher Chambers,East Larry
411,Stacey Huber,Ramosfort
412,Catherine Baker,Franklinland
413,Jill Thompson,Hammondmouth
414,Susan Moore,East Marie
415,Steven Rodriguez,Lake Petermouth
416,Charles Parker,Carrollhaven
417,Sherri Hughes,Lake Nicholas
418,Stephanie Bryant,New Chad
419,Melissa Martin,West Patricia
420,Gabrielle Harding,West Amyborough
421,Bryan Reed,North Cindy
422,Scott Obrien,East Wyatt
423,Sean Rubio,West Danielborough
424,Tina Perry,South Stephenborough
425,Robert Ingram,Nicholasmouth
426,Gina Le,Luiston
427,Crystal Reyes,Rickborough
428,James Graham,Lake Carla
429,Robin Bradshaw,South Jennychester
430,Kimberly Munoz,Heatherfort
431,Robert Santos,South David
432,Christopher King,Solomonside
433,Nathaniel Parker,Clarkmouth
434,John Ramirez,New Anthony
435,James Aguilar,Kimberg
436,Samantha Klein,Chadland
437,David Chavez,Lopezville
438,Joshua Nelson,Rebeccaside
439,Roy Farrell,Victoriamouth
440,Alexander Montgomery,Laurenmouth
441,Steven Pena,New Vanessa
442,Steven Henry,Royberg
443,James Smith,Gregoryport
444,Amanda Miller,Harrisshire
445,Jamie Thomas,Jamesside
446,Joseph Obrien,North Michelle
447,Brittney Fuentes,South Christian
448,Melinda Wells,North Wayne
449,Jamie Washington,Lake Carly
450,Karina Reed,West Melissa
451,Katie Bowen,South Johnmouth
452,Larry Gregory,Oconnorview
453,Michael Romero,Chaveztown
454,Ryan Morris,Lake Patriciaport
455,Kathleen Miller,Rodgersmouth
456,Joseph Andrews,Coxberg
457,Amanda Lee,Jerryfort
458,Eric Hernandez,Waltonstad
459,Patricia Holland,Port Cynthiaport
460,David Dixon,Lake Victoria
461,Amy Tyler,Wilsontown
462,Nancy Watkins,Tinaton
463,Kim Wagner,Port Michaeltown
464,Robert Clay,West Stephenport
465,Michael Curry,Drakemouth
466,Kathryn Miller,South Cindy
467,Dawn Palmer,New Katrinaport
468,Kenneth Black,Port Benjamin
469,Jesse Brown,Jermaineton
470,Jennifer Ramos,Port Bianca
471,Leslie Small,North Ashleystad
472,Jonathan Murray,Brownchester
473,James Spencer,North Michelle
474,Willie Torres,Heatherland
475,Jason Mcgrath,Haroldland
476,Suzanne Mcmillan,Jeremyside
477,Benjamin Hernandez,South Kristymouth
478,Bobby Lynch MD,Lake Markhaven
479,Matthew Owens,West Joseph
480,Heidi Chandler,Mathewsstad
481,Joe Bass,Amyview
482,Jennifer Donovan,West Christopher
483,Michael Patel,Laurenhaven
484,Ryan Holmes,South Mark
485,Shelby Evans,Scottside
486,Michael Pacheco,Jessicaport
487,Jonathan Arnold,Arielland
488,Lori Gutierrez,West Stephanieshire
489,Anthony Guerrero,North Michaelborough
490,Lynn Jones,Stephaniemouth
491,Kevin Smith,West James
492,Richard Lindsey,Susanmouth
493,Dr. Caroline Ellis MD,Audreyport
494,Veronica Ross,East Paulmouth
495,Tiffany Whitehead,New Richard
496,Julie Olson,Kennethburgh
497,Donald Taylor,Yvettemouth
498,Richard Lucas,West Dana
499,Timothy Patrick,Leonardhaven
500,Caitlin Fuller,North Walterfort
501,Derek Diaz,New Daniel
502,Stephanie Holmes,East Christina
503,Gregory Bryant,Fernandofurt
504,Lindsey Hardin DVM,West Rachelbury
505,Dawn Mason,Vegaland
506,Annette Casey,Lake Morgan
507,Jim Smith,Port Kimchester
508,Beth Thomas,North Frankside
509,Jorge Russell,Benjaminmouth
510,Dawn Guzman,Lake Sandrachester
511,Megan Dean,Nguyenmouth
512,Micheal Nguyen,Nguyenfurt
513,Meghan Robinson,West April
514,Cheryl Johns,Malonebury
515,Jacob Cohen,East Beverlybury
516,Mrs. Joan Barr,New Shannon
517,Christina Ali,East Keith
518,Stephanie Collins,Coreyberg
519,Kathryn Brown,Nixontown
520,Linda Reed,Port Codyhaven
521,Stacey Munoz,Lake Amandabury
522,Scott Padilla,New Jenniferland
523,Matthew Ramirez,Lake Rossview
524,Gabriel Meyer,Port Jonathan
525,Johnny Rodriguez,East Mauricechester
526,Michael Patel,Lake Ronald
527,Mark Young,New Christopher
528,Jeff Williams,Port Timothy
529,Victoria Nash,Virginiafort
530,John Brown,Espinozamouth
531,Alec Lee,Lake Mary
532,Gary Rodriguez,East Johnberg
533,Lauren Wheeler,South Andrew
534,Cole Burns,South Jenniferhaven
535,Karen Dean,Williamsfort
536,Karen West,Port Kimberlybury
537,William Hamilton,North Zacharychester
538,Donald Guzman,New Samantha
539,Willie Martinez,Port Jennifermouth
540,Seth Hill,Lake Tommy
541,Jessica Williams,Moralesfort
542,Sara Hawkins,West Sara
543,Lisa Johnson,Lake Michaelburgh
544,Megan Young,East Rickyhaven
545,Laura Townsend,South Michael
546,Samuel Walls,West Jordanfort
547,Amber Gonzales,Rodriguezhaven
548,Lisa Farrell,South Joanne
549,Matthew Jimenez,Ashleeton
550,Charles Merritt,Smithview
551,Lisa Bond,South Scottbury
552,Joseph Johnson,Willisview
553,Dr. Amanda Freeman PhD,Alyssaview
554,Leah Nguyen,Sheriborough
555,Jesse Butler,Schroederchester
556,Shannon Garcia,Alanberg
557,Warren Foster,West Juan
558,Michele Sims,Josephmouth
559,Linda Peterson,North Johnchester
560,Tammy Thomas,North Jacob
561,Craig Gardner,Port Kristin
562,Stacie Contreras,East Jessicafort
563,Michael Wilcox,Destinymouth
564,Pamela Santana,West Davidmouth
565,William Braun,Franklinview
566,Megan Stephens,Heatherton
567,Laurie James,West Vanessatown
568,Teresa Campbell,Davidhaven
569,Phillip Foley,East Joseph
570,Leslie Williams,Spencershire
571,Alejandra Brown,Port Jessicaview
572,Whitney Zimmerman,Davidmouth
573,Aaron James,South Andreabury
574,Stacey Bautista,West Jenniferchester
575,Deborah Jones,East Francisco
576,Jose Duran,Craigborough
577,Michelle Cole,New Kelly
578,Jill Morris,South Michelle
579,Cynthia Byrd,Aaronchester
580,Daniel Watkins,Mccallstad
581,Ralph Nunez,Thorntonfort
582,Zachary Harris,Pittmanburgh
583,Andre Parsons,East Michael
584,Kathryn Duran,East Eric
585,Jamie Hardy,Dakotastad
586,Lori Leach,East Brandon
587,Dr. Patricia West,South Anthony
588,Timothy Cobb,East Christineland
589,Matthew Smith,West Laura
590,Samantha Lawson,Traceychester
591,Ronald Nelson,Alberthaven
592,Natasha Miller,New Nicole
593,Corey Parker,New Kristin
594,Samantha Mendoza,Sanchezbury
595,Sandra Hammond,West Manuel
596,Mary Long,Medinafort
597,Melissa Jimenez,North Kelseyfurt
598,Miss Sheila Rivera,New Harryberg
599,Desiree Goodwin,Robinsonstad
600,John Delacruz,New Brycechester
601,Keith Taylor,North Brandonmouth
602,Tina Terry,New James
603,Michelle Townsend,New Tasha
604,Calvin Jefferson,Silvahaven
605,Kimberly Kelley,Valdezland
606,Catherine Jacobs,East Markville
607,Derek Nichols,Sanchezland
608,Nicole Anderson,West Ashley
609,Stephen Carter,South Davidburgh
610,Meredith Jones,Matthewtown
611,Savannah Maddox,North Kelly
612,Alexander Smith,Port Jeremy
613,Brian Warren,Morrisfort
614,Cassandra Fisher,Ashleyberg
615,Steven Collins,Lake Victoriaberg
616,Brian Snyder,North Rhonda
617,Phillip Huynh,Raymondview
618,Joshua Lewis,Rachelshire
619,Jessica Johnson,New Ericaburgh
620,Paul Schultz,Samanthaburgh
621,Russell Myers,Martinstad
622,Melissa Gray,Josephchester
623,Courtney White,East Terrimouth
624,Christie Hale,Littlebury
625,Justin Michael,Guzmanborough
626,Jeremy Tucker,Paigeberg
627,Madison Garcia,East Kristin
628,Rebecca Dominguez,Lake Betty
629,Jodi Morris,New Brandon
630,Richard Robbins,North Jeanette
631,Joel Crawford,Joanneville
632,Sara Gallegos,Lake Charles
633,Margaret Henry,Toddfurt
634,Lisa Finley,Underwoodfurt
635,Peter Morris,Figueroaborough
636,Teresa Evans,Stephaniebury
637,Adam Horton,Port Vickiborough
638,Kayla Sawyer,Lake Kendrachester
639,Greg Smith,Morganfurt
640,Samuel Davis,Mcdanielton
641,Alexis Lewis,South Jennifermouth
642,Justin Underwood,East Christophermouth
643,Leslie Wood,Port Wendy
644,Tyler Tate,New Brianport
645,Brett Long,West Caitlin
646,Marilyn Swanson,South Christopher
647,Taylor Jones,Port Mariah
648,Harry Rodriguez,Rileychester
649,Loretta Castillo,Elizabethville
650,Thomas Adams,Port Elizabethfort
651,Haley Lopez,Port Jacquelineburgh
652,Christian Lowe,Madisonside
653,Michael Ray,North Rachel
654,Donald Barnes,Brownmouth
655,Veronica Thomas,North April
656,Scott Flores,Katherineville
657,Sarah Herrera,New Jennifer
658,Mrs. Amy Lin,Port Katherine
659,Derrick Lee,East Markborough
660,Rebecca Newton,Gregoryside
661,David Lopez,Parksberg
662,Stephen Jackson,Lake Susanstad
663,Jennifer Perkins,South Olivia
664,Thomas Castillo,North Jenniferstad
665,Tracy Cabrera,New Troy
666,Daniel Smith,Katelynburgh
667,Zachary Wilson,Weaverfurt
668,Ronald Wright,New Amanda
669,Audrey Patton,Michaelville
670,Joanne Prince,Allenville
671,John Jackson,Bennettbury
672,Amy Miller,West Robin
673,Brian Marks,Hayesstad
674,Paula Martinez,West Elizabethfurt
675,Barbara Mahoney,Brianstad
676,Ashley Yu,Lake Patrick
677,Chelsey Woods,West Thomas
678,Jenna Mercer,West Lorettaton
679,Crystal Rodriguez,Sethhaven
680,Sharon Hodges,South Brooke
681,Christopher Adams,North Veronicashire
682,Phillip Jenkins,East Michaelside
683,Kyle Perry,North Jillian
684,Christopher Cardenas,Aliview
685,Hailey Weaver,Ginaside
686,Jenna Cruz PhD,North Brandon
687,Donna Palmer,Meltonfurt
688,Scott Graham,North Christopherbury
689,John Wilson,Port Alan
690,Paul Gutierrez,Alexandriaberg
691,Crystal Henry,Torresville
692,Michelle Fleming,Freemanland
693,Brandy Jones,North Amber
694,Ricardo Arias,Murraychester
695,Sean Mitchell,South Derrick
696,Amanda Campbell,South Joshuastad
697,Christy Fox,Riverachester
698,Jacob Bradley,Tatefort
699,James Sutton,New Kevin
700,Stacy Armstrong,Port Anne
701,Kathryn Larson,South Justinfort
702,James Hartman,Lake Anitaburgh
703,Jessica Carter,Shafferburgh
704,Robin Phillips,Gonzalezhaven
705,Luke Mitchell,Phillipsbury
706,Kathryn Rivas,Proctorside
707,Douglas Rodriguez,Lake Stephaniehaven
708,Kimberly Parker,Port Caitlin
709,Erika Butler,Grahamchester
710,Michael Rodriguez,Scottburgh
711,William Krueger,East Patricia
712,Christine Short,Lindsayshire
713,Mark Murphy,Jamesburgh
714,Michael Cooper,Port Stefanie
715,Alyssa Romero,New Tracyfort
716,Emily Carter,Kaitlynview
717,Lisa Mills,Lake William
718,Christopher Owens,Calvinberg
719,Scott Martinez,Wangville
720,John Lyons,Margaretmouth
721,Curtis Green,South Jennifer
722,Michael White,Sparksside
723,Hunter Dunn,Bridgetville
724,Rebecca Park,Brooksbury
725,Danielle Rocha,East Timothyborough
726,Joshua Rodriguez,Port Nicole
727,Ronald Krause,Jeffersonland
728,Joshua Gutierrez,West Theresa
729,Gail Perez,Annebury
730,Phillip Zimmerman,South Johnberg
731,Donald Watts,Ramirezmouth
732,Jennifer Williams,Christinachester
733,Leonard Johnson,Lake Peggy
734,William Miller,Michaelberg
735,John Cobb,New Howardchester
736,Brian Johnson,New Regina
737,William Lambert,Lake Molly
738,Amber Johnson,Olsenchester
739,Donna Johnson,Port Marissa
740,Thomas Huffman,Donnamouth
741,Jamie Nguyen,Tamarabury
742,John Browning,Yvettebury
743,Natalie Murray,Chrisfort
744,Erin Pruitt,Lake Courtney
745,Sarah Rodriguez,North Rickey
746,Kenneth Brewer,Washingtonshire
747,Hayden May,West Yvonnefurt
748,Jason Wallace,Jamesborough
749,Alejandra Duncan,Ochoastad
750,Kayla Quinn,North Linda
751,Nicole Martinez,Ortizfurt
752,Megan Wallace,Timothymouth
753,Veronica Case,Jennifermouth
754,Elizabeth Walker,Lake Elizabethside
755,Michele Thomas,Kevinhaven
756,Jack Strong,Port Christopherbury
757,Justin Ward,New Shannon
758,Regina Cochran,West Jenniferbury
759,Douglas Hill Jr.,Brianmouth
760,Chad Livingston,Samueltown
761,Deborah Watson,Lake Robinmouth
762,Christine Perez,Rogersville
763,Cindy Reynolds,East Lisa
764,Eric Fisher,Andrewchester
765,Linda Brown,Donnaland
766,Nathan Williams,Lake Sara
767,Andrew Singh,Jenniferport
768,Kaitlyn Owens,Martinton
769,Mark Martinez,Jacquelinechester
770,Christina Hatfield,North Jasonfort
771,Elizabeth Kramer,South Joseph
772,Clinton Maddox,Bakerfurt
773,Kimberly Parrish,Edwardsbury
774,Albert Patterson,New Brandonburgh
775,Audrey Downs,South Michelle
776,Cynthia Williams,New Lisaland
777,Jessica Anderson,Wrightside
778,Derrick Sanchez,Ambermouth
779,Michael Avery,Maryside
780,Jacob Mora,Lake Seth
781,Dawn Dennis,Castilloborough
782,James Brown,Brownfort
783,Courtney Combs,West Brendaport
784,Nathan Murphy,Williammouth
785,Gregg Klein,East Amy
786,Catherine Simmons,Farleyside
787,Robert Mooney,Burgessmouth
788,Lindsay Simmons,North Megan
789,Ashley Meyer,Johnsonshire
790,Troy Sanders,Ramoschester
791,Susan Johnson,Liuland
792,Michael Ayala,Derekland
793,Jackson Glover,Lake Royport
794,Alexandria Mccoy,Port Troyport
795,Jennifer Rodgers,North Heatherchester
796,Mr. Mario Mcmahon,Lopezville
797,Justin Diaz,Craigtown
798,Carolyn Costa,South Kaylaton
799,Tara Lawrence,Lake Davidbury
800,Lauren Scott,South Robertfurt
801,Bryan Armstrong,Osbornville
802,David Wright,Sarahfort
803,Mrs. Leslie Craig DVM,Ericaport
804,Dr. Douglas Barnett,North Aaronstad
805,Derek Singh,North Davidbury
806,Patricia Murray,Rogersstad
807,Richard Vaughan,Lake Ashley
808,Mrs. Megan Thompson,Ronnieton
809,Derek Solomon,West Diana
810,Sharon Jimenez,Port Peter
811,Dawn Jordan,West Justin
812,David Frey,Nicoleburgh
813,Gail Hensley,Olsonside
814,Jennifer Walker,Mullinschester
815,Dr. Brian Johnson,Jacobmouth
816,Joseph Christensen,West Katherinehaven
817,Victoria Leach,Davistown
818,Jordan Caldwell,West Wesleyside
819,Angel Frye,North Christine
820,Leslie Moody,North Joseph
821,George Maldonado,North Brittany
822,Virginia Graves,Jamesmouth
823,Cody Higgins,Robbinsland
824,John Bell,Lyonsborough
825,Jennifer Shepherd,New Sandra
826,James Suarez,Andrewport
827,Michael Roman,New Charles
828,Robert Proctor,Lake Gregory
829,Andrew Goodwin,Port Nathaniel
830,Amanda Romero,Danielbury
831,Mrs. Penny Dean,Tamaramouth
832,Kathleen Davis,Laramouth
833,Jonathan Harding,Martinville
834,Belinda Tran,East Jason
835,Melissa Zuniga,West Larryberg
836,Brandon Rasmussen,West Eric
837,Rose Brown,New Pamelafurt
838,Douglas Huffman,South Maria
839,Felicia Mcguire DVM,Bradfordborough
840,Kayla Brown,East Tracyborough
841,Pamela Howard,Lake Tanyatown
842,Courtney Mercado,New Wesley
843,Rebecca Schroeder,South Amandaside
844,Tyler Gregory,Port Jeffreystad
845,Mr. Michael Kim PhD,Dustinmouth
846,Jorge Randall,North Cheryl
847,Scott Wilson,East Garrett
848,Beth Myers,New Anthonyfurt
849,Anita Young,Jacksonchester
850,Tim Henderson,South Kimberly
851,Angela Nelson,Ericshire
852,Cynthia Harrell,South Eric
853,Mary Torres,Gainesville
854,Cynthia Delgado,Pierceport
855,Kaitlin Diaz,Jenniferfurt
856,Susan Hayes,West Phillipmouth
857,Matthew Hayes,East Leslie
858,Elizabeth Silva,Greenshire
859,Sarah Davis,Tamaraport
860,Mary Holland,Mccartytown
861,Emma Wood,Joshuashire
862,Christian Marquez,Lake Kristinamouth
863,Peter Roach,Lake Amanda
864,Daniel Ballard,Lake Larry
865,Tommy Mcbride,West John
866,Jason Alexander,Arnoldburgh
867,Michele Montgomery,North Matthew
868,Sara Miller,North Holly
869,Bryan Lutz,Lake Stevenhaven
870,Nicholas White,East Judyburgh
871,Sarah Newton,North Bettyfort
872,Lisa Holt,Ferrellshire
873,Chelsea Houston,East Jennifer
874,Ryan Phillips,North Kimberlyview
875,Chelsea Brady,Trantown
876,William Figueroa,Lewisview
877,Dana Garcia,New Michael
878,Mary Green,North Jeremyborough
879,Timothy Reyes,Dunnport
880,Jennifer Gilmore MD,Yvonneburgh
881,Robert Cortez,Lake Tiffany
882,Sarah White,East Rachel
883,Kristen Gonzalez,Zunigaborough
884,Paul Robinson,Port Shannonberg
885,Denise Jones,Ryanmouth
886,James Schmidt,South Kylefurt
887,Thomas Thomas,Munozshire
888,Andrew Moody,East Robinbury
889,David Lee,Port Kristin
890,David Ross,Port James
891,Sharon Miller,Micheleview
892,Gregory Olson,Port Christopherton
893,Alec Taylor,Port Sarah
894,Paula Hall,Port Ashley
895,William Holt,New Kimberlyborough
896,Madeline Wheeler DDS,Fullerfurt
897,Mark Shea,Lake Stephanie
898,Michael Shelton,Millershire
899,Thomas Reid Jr.,Bobbyside
900,Amy Cervantes,Littleburgh
901,Frank Russell,West Mikeberg
902,Jennifer Gonzalez,South Kiaraville
903,Michael Trujillo,East Ellenview
904,Debbie Curtis,Matthewfort
905,Eric Smith,Vangbury
906,Thomas Mills,Grossport
907,Kathryn Reynolds,Carterland
908,Damon Jackson,Elliottport
909,Jessica Cole,Floresside
910,Teresa Farrell,North Suzannetown
911,Kelli Rose,West Maria
912,Richard Cardenas,Cooperburgh
913,Christopher Williams,Lake Kelseychester
914,Kimberly Rodriguez,New Kelseyshire
915,George Barton,West Dean
916,Cheryl Bridges,Lake Danielbury
917,Michele Sherman,Lake Jacquelinechester
918,Crystal Jackson,Lake Samanthaport
919,Deborah Trujillo,Lisahaven
920,William Moran,Samanthafort
921,April Hughes,West Cody
922,Laurie Carrillo,Lake Stephaniebury
923,Lisa Smith,West Jenniferfort
924,Elizabeth White,East James
925,Jennifer Wong,Everettborough
926,Courtney Hart,South Garyside
927,Melissa Reynolds,North Keith
928,Cody Johnston,Allenfurt
929,Nathan Knight,Carlchester
930,Timothy Gomez,South Charleston
931,Brett Burgess,Port Christian
932,Vanessa Burgess,Jacquelinefort
933,Sarah Lopez,South Nataliemouth
934,Caroline Brown,North Rachel
935,Holly Martin,Belindaport
936,Anthony Richards,Danielleberg
937,Timothy Nelson,Lopezview
938,Sylvia Keith,West Ravenport
939,Sabrina Cuevas,New Dawnchester
940,Jill Gilmore,Lake Josephstad
941,Lisa Vang,North Melissaton
942,Jonathan Parker,Kevinshire
943,Sandra Kemp,Jefffort
944,Kristina Ramsey,East Pamela
945,Lisa Martin,West Thomasstad
946,Michael Esparza,Frenchshire
947,Joshua Lee,West Barbaratown
948,Isaac Hicks,Edwardsberg
949,Nicole Mcconnell,Monicabury
950,Larry Burns,New Davidberg
951,Kimberly Fletcher,North Heidi
952,Shari Parsons,East Kelly
953,Jason Smith,Christopherfort
954,Jacob Bryan,East Danielfort
955,Matthew Fry,Herringland
956,Amy West,New Carlburgh
957,Beth Moore,Davidhaven
958,Steven Hoffman,Thomasberg
959,Jessica Cole,Matthewstown
960,Michele Johnson,Lake Charles
961,Kristopher Becker,Dyerport
962,Ashley Warren,South Chelsea
963,William Richardson,Port Kevin
964,Kimberly Avery,Shawnfort
965,John West,Foxshire
966,Margaret Hernandez,Hudsonhaven
967,Jonathan Roman,Port Joycemouth
968,Terri Moore,East Robert
969,Richard Whitaker,Charleston
970,Christopher Bradford,Jennystad
971,Sarah Bailey,Lake Matthew
972,Brian Watson,New Rebeccaville
973,Lauren Blake,Colonborough
974,Brett Tran,West Michelle
975,Sean Ramirez,Port Jerry
976,Michael Johnson,Lake Jasonside
977,Bryan Gibson,Thomasview
978,Matthew Hicks,Donnaburgh
979,John Arnold,Sotomouth
980,Taylor Johnson,Lake Gary
981,Maurice Jenkins,South Virginia
982,Michael Harris,Prestonton
983,Melanie Nguyen,Codyview
984,Timothy Garcia,East Jacob
985,Christopher Allison,East Ericside
986,Keith Perez,South Carl
987,Nathan Gordon,New Jessica
988,Barbara Dixon,Douglasview
989,Derrick Guerrero,Taraburgh
990,Michael Butler,South Christopherbury
991,Zachary Parker,Port Chase
992,Elijah Sullivan,Jamesland
993,Christian Grant,Kingville
994,Juan Fletcher,North Emilyland
995,Carrie Brewer,Arthurside
996,Lauren Thompson,Christopherburgh
997,Jessica Perez,South Kathleen
998,Raymond Beck,North Justin
999,Stephen Hunt,Port Lisa
1000,John Sandoval,West Nathanmouth
1001,Mark Hunt,South Daniel
1002,Kelsey Hall,Lake Michaelfort
1003,Ann Crawford,New Victorberg
1004,Tracy Forbes,East Amberton
1005,Lori White,North Shelley
1006,Derek Jones,Jacksonbury
1007,Brian Webb,East Daveshire
1008,Elizabeth Lucas,South Michelleborough
1009,Kayla Rose,South Jessica
1010,Derek Hawkins,South Juan
1011,Allen Foster,Jeanettemouth
1012,Thomas Bishop,Lake Laurenfort
1013,Kelly Hill,Thomaschester
1014,Timothy Alexander,North Eduardo
1015,Priscilla Burgess,South Nicole
1016,Derrick Porter,Munozberg
1017,Sharon Wagner,Blakeborough
1018,Jake Myers,South Ericahaven
1019,Christopher Parker,Cummingsburgh
1020,Tina Nguyen,Lake Carolyntown
1021,Michelle Williamson,Port Juantown
1022,Kellie Campbell,South James
1023,Jordan Hawkins,Lyonsview
1024,Charles Haley,East Janice
1025,Robert Harris,North Carrieton
1026,Kimberly Smith,Lake Billy
1027,Melissa Campbell,Taylorland
1028,Becky Williams,Port Christina
1029,Robin Porter,Port Patriciastad
1030,Kimberly Davis,West Davidborough
1031,Heather Snyder,Robertmouth
1032,Travis Wheeler,Strongshire
1033,Edward Miller,Lake Alexander
1034,Jonathan Grant,Adrianborough
1035,Ryan Duncan,South Anthonyfort
1036,Kathryn Smith,Port Michaelhaven
1037,David Payne,North Shannon
1038,Alexander Price,Lake Sydneychester
1039,Tyrone Skinner,Walkerchester
1040,Stephanie Rodriguez,Camerontown
1041,Angela Reyes,Victoriamouth
1042,Michelle Johnson,East Johnathan
1043,Jeffrey Roberts,Contrerasland
1044,Nichole Taylor,New Susan
1045,Nicole Joseph,Port Anthonyland
1046,Lisa Thornton,Househaven
1047,Molly Ward,Delgadoberg
1048,Gina Friedman,North Jeffreyview
1049,Stephanie Ellis,South Charles
1050,Jeanne Hogan,Jacquelinefort
1051,Henry Butler,New Juanton
1052,Karen Eaton MD,Moniqueshire
1053,Catherine Jensen,Nathanielmouth
1054,Marcus Logan,New Michael
1055,Joel Tucker,Cherryfort
1056,Rebecca Moore,East Charles
1057,Tami Watson,Churchville
1058,Michael Myers,Port Tyler
1059,Rachel Morton,Jacobsborough
1060,Nancy Thomas,West David
1061,Joseph Nicholson,South Melissafurt
1062,Marie Terry,Jenniferberg
1063,Tammy Stevens,Coxfort
1064,Kenneth Miller,Rogersside
1065,Walter Buck,North Kimview
1066,Sean Banks,Benjaminville
1067,Joshua Griffith,East Richardburgh
1068,Andrea Cooper,East Samuel
1069,Jennifer Bailey DDS,Erinbury
1070,Sherry Johnson,East Richard
1071,Mathew Rodriguez,New Erinside
1072,Anna Tran,Port Robert
1073,Christine Marshall,Bakershire
1074,Sarah Hill,Riversville
1075,Laurie Barajas,Brucehaven
1076,Shane Davis,Lopezland
1077,Stephanie Ramos,South Andrew
1078,Phillip Kelly,Shepherdside
1079,Mary Scott,New Elizabethport
1080,Kathleen Kim,South Kendra
1081,Justin Jones,New Bobbystad
1082,Marie Byrd,West Luischester
1083,Theodore Porter,East Charlesland
1084,Ashley Avila,Browntown
1085,Justin Cox,Wareshire
1086,Melissa Gutierrez,Alvaradoborough
1087,Judy King,New Tracyshire
1088,Margaret Johnson,Lake Kyle
1089,Jessica Baker,New Crystalland
1090,Morgan Carroll,Port Kristenfurt
1091,Catherine Alvarez,North Kenneth
1092,Crystal Strickland,Port Andre
1093,Erica Davidson,New Martinstad
1094,Robert Fitzgerald,North Dylan
1095,Dylan Collins,New Chad
1096,Heather White,Lake Samantha
1097,Scott Ruiz,New Alyssa
1098,Joshua Allen,Carlfurt
1099,John Burns,North Shane
1100,Daniel Davis,South Hunterside
1101,Debra Wilcox MD,South Tyler
1102,Robert Brown,East Elizabethtown
1103,Alyssa Ortiz,Harmonstad
1104,David Robinson,North Mary
1105,Joseph Olson,North Loretta
1106,Tammy Pearson,West Aprilshire
1107,Dylan Davis,Gloriaberg
1108,Terri Baker,Nancyland
1109,Zachary Wheeler,Austinton
1110,James Hubbard,North Meagan
1111,Jeff Watson,Amandaton
1112,Kurt Parker,Sarahton
1113,Chad Graham,Lake Robinville
1114,Peter Clark,Michaelbury
1115,Katherine Gutierrez,Port Robert
1116,Vicki Booth,Lake Frederick
1117,Miss Karen Fisher,Elizabethshire
1118,Eric Oneill,West Carolynberg
1119,Jonathan Lewis,Masonhaven
1120,Robin Garner,Dianemouth
1121,Brenda Gibson DVM,Port Diane
1122,Janet Sanchez,North Joshua
1123,Taylor Pena,Johnchester
1124,Christopher Martin,Bryantown
1125,Clarence Scott,Daniellefurt
1126,Stephen Bryant,Scottstad
1127,Kathryn White,South Matthewburgh
1128,Danielle Hughes,Cherylchester
1129,Douglas Smith,Wilsonbury
1130,Jennifer King,East Randallbury
1131,Rebecca Gonzalez,New Robinview
1132,Emily Pope,West Christina
1133,Joseph Murphy,Amandaside
1134,Alexis Dixon,Jeffreyhaven
1135,Kayla Joseph,Davidville
1136,Carlos Rodriguez,Albertton
1137,Sydney Wilson,Allenport
1138,Jason Martinez,Brownbury
1139,Mr. Eric Mathews,Frederickfurt
1140,Jennifer Davis,East Danielside
1141,Angelica Benson,Kelseychester
1142,Cassie Rowland,Kevinhaven
1143,James Robertson,Josephburgh
1144,Amanda Gibson,Morganland
1145,Nancy Burns,Lake Sandra
1146,Jessica Ford,South Patrickport
1147,Zachary Taylor,West Taylor
1148,Cody Wilson,Jerometown
1149,Nathaniel Pruitt,Donaldsonville
1150,Beth Mills,North Davidfort
1151,Robert Morales,South Christophermouth
1152,Michael Patel Jr.,Jeffreyland
1153,Melissa Garcia DDS,East Maryville
1154,Maria Rodriguez,Katherineberg
1155,Emily Morales,Port Glenn
1156,Lisa Hall,Thomasland
1157,Mrs. Jennifer Garza,Langborough
1158,Paige Clark DVM,North Stephenchester
1159,Anthony Flores,Lake Paultown
1160,Victor Hill,Christianshire
1161,Megan Payne,North Jesse
1162,Michele Maynard,Catherinestad
1163,Toni Silva,Sullivanberg
1164,Christopher Davis,Port Cynthiaton
1165,Jessica Jefferson,Lake Kendra
1166,Christopher Hunter,Clarkhaven
1167,Andrew Conway,Port Patrick
1168,Brian Grant,Ginaview
1169,Christopher Harris,Nicholsfort
1170,Shannon Miller,Clarkborough
1171,Jennifer Fernandez,North Kerritown
1172,Eileen Anderson,North Mary
1173,Jeremy Steele,Wolfechester
1174,Brian Mitchell,West Megan
1175,Erin Hernandez,Brookston
1176,Gregory Chavez,Port Cindyshire
1177,Vicki Kim,Ramirezchester
1178,Samantha Nguyen,New Stephen
1179,Edward Diaz,Barberton
1180,Mary Velazquez,North Jessica
1181,Kenneth Wright,West Derrick
1182,Jade Robinson,Johntown
1183,Megan Goodman,Haleview
1184,Zachary Hernandez,Andrewsburgh
1185,Emily Brown,North Charles
1186,Joshua Hines,Lake Adriana
1187,Kimberly Spencer,Michelleton
1188,Cindy Green,Lake Carlaview
1189,Steven Hess,Joshuaport
1190,Heather Morse,Derekside
1191,Ryan Wiggins,Brownport
1192,Erika Wilson,Robertport
1193,Jamie Marshall,Matthewschester
1194,Janice Griffin,Acevedochester
1195,Haley Thompson,Port Jeremy
1196,Krista Smith,New Laura
1197,Donald Hill,Robertland
1198,Julia Wood,Lake Danielfurt
1199,Jerome Thompson,Jessicaborough
1200,Heidi Warren,North Melissaborough
1201,Susan Ellison,East Regina
1202,David Russell,Johnside
1203,Erica Wilson,Claychester
1204,Gregory Cooke,West Amanda
1205,Patrick Ballard,Sallymouth
1206,Daniel Stewart,Anthonyfort
1207,Jennifer King,Andersonhaven
1208,Paul Harris,East Kellyland
1209,Curtis Wilson,South Amandaberg
1210,Kyle Chavez,Robertport
1211,Kendra Holloway,Lake Robert
1212,David Howe,West Nicholasfort
1213,Justin Watson,Brianborough
1214,Melissa Estrada,Lake Ericmouth
1215,Sabrina Wood,Dianeville
1216,Scott Huff,Navarroshire
1217,Felicia Martin,Port Patrick
1218,Victoria Leonard,West Stephen
1219,Jacob Robinson,North Jefferyborough
1220,Angela Smith,North Mariastad
1221,Joshua Wright,Jonesberg
1222,Joseph Cisneros,Lake Sharon
1223,Albert Jackson,Michaelshire
1224,Holly Jennings,North Rebecca
1225,Seth Smith,North Veronica
1226,Parker Acosta,Lisabury
1227,Christopher White,Kathrynbury
1228,Daniel Ruiz,Hallburgh
1229,Evan Lewis,Port Kimberly
1230,Steven Gibson,Cameronview
1231,Judith Mejia,Port Morgantown
1232,Richard Tucker,South Toddtown
1233,Isaiah Mason,Obrienburgh
1234,Suzanne Gutierrez,South Davidtown
1235,Jennifer Cooper,Kingside
1236,Mary Lee,Harperville
1237,Tammy Simmons,Tinaburgh
1238,Randy Gonzalez,Port James
1239,Ashley Gonzales,Lake Jessicahaven
1240,Mary Gibson,North Isabelchester
1241,Alexander Zimmerman,Port Stephanieville
1242,Daniel Rodriguez,Lake Lisa
1243,Manuel Henderson,Christineberg
1244,Christopher Fischer,Fleminghaven
1245,Luke Singleton,New Melissa
1246,Brandon Luna,East Davidport
1247,John Parker,Port Daniel
1248,Jesse Dunn,West Stephen
1249,Barbara Carlson,East Dan
1250,Brooke Nielsen,East Suzannehaven
1251,Amanda Mullen,Michaelchester
1252,Virginia Dominguez,New Lindaland
1253,Cynthia Schmidt,New Patrickburgh
1254,Joseph Hernandez,Ashleyport
1255,Rachel Rios,Simmonsfurt
1256,Paul Wise,Lake Brian
1257,Matthew Smith,Morganton
1258,Michelle Wolf,Hawkinsburgh
1259,David Chang,Lake Edwardland
1260,Brooke Elliott,Garrettchester
1261,Richard Miles,East Joseph
1262,Jacqueline Johnson,Audreyview
1263,Kayla Sullivan,Lake Benjamin
1264,Amanda Roberts,East Kelly
1265,Andrew Rush,Hernandezview
1266,Collin Kim,Garrisonport
1267,Brian Knight,East Jaime
1268,Jimmy Page,Bradyfort
1269,Steven Carter,North Laurenville
1270,Brian Solis,Pachecoview
1271,Joshua Gilmore,North Dean
1272,Ashley Hamilton,Lake Raymond
1273,Bobby Kirby,South Brianhaven
1274,Barbara Hernandez,Brennanland
1275,Emily Todd,Keithstad
1276,Colleen Brown,South Michael
1277,Maria Jones,Harperfurt
1278,Jonathan Nguyen,South Matthew
1279,Jared Rodriguez,Markburgh
1280,Judy Cruz,East Alicia
1281,Joseph Olsen,Robinside
1282,Patty Snyder,Burgesstown
1283,Christina Morris,South Sarahtown
1284,Pamela Jones,Lake Markville
1285,Jeremy Clark,Tonyaton
1286,Dustin Reed,West Sherry
1287,Mary Ayers,Michaelshire
1288,Joseph Jackson,East Gwendolyn
1289,Sarah Johnson,New Joseph
1290,William Gibson,West Heather
1291,Jasmine Powers,North Cheryl
1292,Holly Rodriguez,East Patricia
1293,Sarah Cruz,New Kari
1294,Michael Mcclain,South Sarah
1295,Elizabeth Santos,Andrewland
1296,Jessica Diaz,Lake Michael
1297,David Mckinney,North Gregorychester
1298,Sarah Wilson,Michaelstad
1299,Ryan Johnson,New Connor
1300,Cassandra Davis,Brianshire
1301,Stacy Wilson,North Audrey
1302,Michael Price,North Chadburgh
1303,Alexis Nelson,South Karenland
1304,Daniel Gonzalez,North Alexisburgh
1305,Natalie Schneider,South Thomasfort
1306,Michael Orozco,West Garrettstad
1307,Peter Gardner,New Jameschester
1308,Lisa Peters,West James
1309,Brandi Harris,Port Juan
1310,Lisa Smith,North Tiffanybury
1311,Brian Morales,Montgomeryshire
1312,April Whitaker,Hughestown
1313,James Sanford,Davenportshire
1314,Derek Lopez,Wrightshire
1315,Bradley Hill,North Blake
1316,Julie Vargas,East Douglastown
1317,Frederick Moore,Port Eileen
1318,Laura Trevino,Yatesberg
1319,Alicia Jones,Port Robert
1320,Laura Brown,South Michaelton
1321,Ashley Sanchez,Kimberlyview
1322,Clayton Savage,West Crystalville
1323,Jordan Davis,West Kellytown
1324,Steven Friedman,East Katelynburgh
1325,Miss Mary Acosta,Deckerburgh
1326,Patrick Fernandez,Ballardmouth
1327,Brett Phillips,South Barbara
1328,Derek Cooper,Rebeccafort
1329,Joseph Rodriguez,Porterside
1330,Jessica Williams,Michaelshire
1331,Joshua Castillo,Karenstad
1332,Jenna Smith,Lake Kevinshire
1333,Jason Sanders,West Grantview
1334,Marisa Krueger,Leeburgh
1335,Jeffrey Chen,Parkerside
1336,Sarah Hunter,Stewartshire
1337,Kayla Edwards,Shelbystad
1338,Devin Turner,Riceborough
1339,Erik Walker,Andersonbury
1340,Jerome Wilson,Julieshire
1341,Timothy Wong,Scotttown
1342,Katherine Wood,South Saramouth
1343,Ashley Neal,New Rachelview
1344,George Woods,Thompsonfurt
1345,Jennifer Barton,Sydneybury
1346,Christopher Johnson,North Ann
1347,Donna Horn,Jimenezville
1348,Kenneth Jones,Taraberg
1349,Shirley Martin,Myerschester
1350,Robyn Henderson,Michaelshire
1351,Andrew Campbell,Snowton
1352,Kenneth Wood,Kiaraport
1353,Terry Mendez,North Edwardside
1354,Matthew Diaz,Justinside
1355,Christopher Johnson,Oliverview
1356,David Pruitt,Jonshire
1357,Lauren Lester,Charlesbury
1358,Kristi Daniel,North Josephstad
1359,John Cole,Smithborough
1360,Jacob Gutierrez,West Jamesside
1361,Kara Foster,Port Timothyfort
1362,Marissa Carter,West Andrewmouth
1363,Robert Roach,Port Nicholasborough
1364,Jeanette Mueller,Lake Kathyview
1365,Kelly Gutierrez,Valerieburgh
1366,Rachel Mccullough,Steveville
1367,Jessica Wiley,Lake Laurenmouth
1368,John Johnson,Arnoldchester
1369,Jared Jordan,Tinafort
1370,David Klein,East Amanda
1371,Denise Gaines DVM,Annetteshire
1372,Joseph Maldonado,Boydton
1373,Kayla Kelley,South Laurahaven
1374,David Sanchez,Proctormouth
1375,Stephanie Collins,Beckland
1376,Corey Walker,Lake Jasmine
1377,Tyler Steele,North Amber
1378,Anthony Castro,Mccormickshire
1379,Nicholas Thomas,Port Lindseymouth
1380,Kimberly Diaz,Stewartbury
1381,Connie Mcmillan,Baldwinton
1382,Joyce Petty,East Crystal
1383,Anna Cobb,Matthewsland
1384,Michael Guzman,New Monicaview
1385,Tami Waller,New Jenniferstad
1386,Mr. Paul Elliott,South Marytown
1387,Kathryn Anthony,Allenborough
1388,Jason Mccarthy,New Brianna
1389,Kyle Mathews,Turnerberg
1390,Carol Singh,Perryhaven
1391,Emily Anderson,New Pamelamouth
1392,Scott Jones,Burgessland
1393,Michelle Fuentes,South Richard
1394,James Lester,Washingtonmouth
1395,Lisa Abbott,East Edwin
1396,Mitchell Lyons,Rodneymouth
1397,Michael Davis,East Erik
1398,Holly Davis,Gonzalesborough
1399,Patricia Harrison,Stephenfurt
1400,David Freeman,Derrickstad
1401,Emma Clarke,Reynoldsberg
1402,Jerry Ford,South Michelleburgh
1403,Carl Walker,Lake Christineborough
1404,Jennifer Parker,Taylorland
1405,Andrew Mclean,Port Samuelchester
1406,Kayla Navarro,Russoville
1407,Timothy Zamora,South Stevenburgh
1408,Theresa Morse,Danielborough
1409,Caitlin Lewis,Jonland
1410,Miss Rebecca Rhodes MD,Deniseton
1411,Mitchell Jennings,Hooverberg
1412,Bonnie Fernandez,Johnsonfurt
1413,Robin Dickson,Amybury
1414,Christopher Stevens,Port Ann
1415,Dylan Frazier,Bradyton
1416,Amber Moore,Tracymouth
1417,Hannah Taylor,Thompsonville
1418,Pamela Mitchell,Maynardmouth
1419,Monica Carroll,South Franciscofort
1420,Matthew Taylor,Jenniferfurt
1421,Brandon Brooks,Lake Paulastad
1422,Raymond Booth,East Jeremytown
1423,Manuel Garcia,Briannaside
1424,Lee Nelson,Phillipsberg
1425,Sean Hurst,Sullivanmouth
1426,Christopher Jones,Charlesfurt
1427,Christopher Smith DDS,Vasquezview
1428,Jennifer Williams,Thomasbury
1429,Marcus Ross,Powellhaven
1430,Breanna Hernandez,Frederickville
1431,Gregory Smith,West Benjaminton
1432,Erica Hayes,Michaelton
1433,Jerry Huffman,Nancyberg
1434,Shaun Wilson,Jensenburgh
1435,Diane Porter,Port Shannonton
1436,Tiffany Thompson,East Charles
1437,Taylor Hayes,South Anthony
1438,Ernest Bates,New Cynthiastad
1439,Susan Allen,North Kennethfort
1440,Eric Porter,Kimberlyborough
1441,Patricia Owens,Toddland
1442,Karen Jordan,West Rebeccaberg
1443,Anthony Foster,South Sheri
1444,Lindsay Perez,South Kirsten
1445,Traci Johnson,Port Denise
1446,Sherri Delacruz,West Sarahfort
1447,Andrew Martinez,Port Amberport
1448,Phillip Pope,Smithmouth
1449,Robert Singleton,Perezburgh
1450,Monica Thomas,Barbaraport
1451,Joshua Cobb,East Tylerside
1452,Kimberly White,Barnesfurt
1453,Ashley Williams,New Leah
1454,Jeremy Webb,Lake April
1455,Cynthia Williams,Lake Thomasberg
1456,Jessica Martinez,Leeview
1457,Daniel Lewis,Allenbury
1458,David Moses,Port Christine
1459,Jamie Gould,Wilkersonmouth
1460,Peter Smith,New Briannachester
1461,Taylor Lutz,South Desiree
1462,Richard Roth,West Candice
1463,Anthony Soto,West James
1464,Deanna Green,Barkerfort
1465,Joshua Swanson,Lake Lorishire
1466,Connie Cole,Danielport
1467,Melissa Burch,Danielchester
1468,Megan Andrews,Port Crystalbury
1469,Matthew Huff,West Jacquelinemouth
1470,Alice Hall,West Adrian
1471,Corey Smith,Griffinstad
1472,Karen Daniels,East Derekton
1473,Brian Drake,Meganfurt
1474,Andrew Jensen,Rosston
1475,Devon Hudson,Port Brandonborough
1476,Christopher Brennan,Hillport
1477,Ronald Watson,Port Natalieshire
1478,Melinda Wheeler,Lake Samantha
1479,Jennifer Thomas,South Christopher
1480,Brandon Miller,Hallton
1481,Lori Jensen,Lake Katherineland
1482,Logan Taylor,Port Morgan
1483,Peter Gamble,South Jessicaville
1484,Patricia Baker,Thomaschester
1485,Matthew Brewer,Port Nicoleland
1486,Robert Rodriguez,Carlyborough
1487,Amy Mcgee,Port Karen
1488,Jason Rogers,Lake Allisonburgh
1489,Travis Graves,New Amyburgh
1490,Thomas Mcgee,Phillipside
1491,Ann Lee,Hallshire
1492,Jaime Murphy,Justinstad
1493,Ryan Davis,New Nicholaston
1494,Shawn Rivera,Port Franklin
1495,Jesse Gonzalez,Victorialand
1496,Eric Hall,Cookburgh
1497,Michael Clark,New Jordanmouth
1498,Mrs. Jodi Mcfarland,New Ryan
1499,Andrew Kline,Romeroton
1500,Angela Lara,Lake Steven
1501,Christopher Nelson,New Lori
1502,Zachary Hill,Carlosview
1503,Thomas Gregory Jr.,West Robertmouth
1504,James Castillo,North Janet
1505,Susan Moore,Zunigaburgh
1506,Matthew Mitchell,Port Rachelmouth
1507,Mrs. Karen Santiago,Scottstad
1508,Allison Bailey,Port Andrewstad
1509,Matthew Barnes DDS,Lauraburgh
1510,Adam Ball,Turnerview
1511,Robin Rodriguez,South Wandamouth
1512,Melanie Ibarra,North Ann
1513,Anthony Cantu,South Erica
1514,Breanna Hansen,Haydentown
1515,Kathleen Silva,Stephaniechester
1516,Brenda Melton,Port Austin
1517,Samantha Fletcher,Port Tara
1518,Karen Salazar,New Matthew
1519,Christina Dillon,South Dawn
1520,Jeffrey Mccarthy,Port Tinastad
1521,Guy Cooper,Lopezhaven
1522,Cameron Ramirez,West Josephview
1523,Jonathan Watson,Murphyberg
1524,Susan White,Lewisstad
1525,Kevin Pineda,Nicholasville
1526,Joanne Blair,Jenniferfort
1527,Adam Hernandez,East Kristenbury
1528,Robin Alvarez,Carrland
1529,Isaac Richards,Susanfort
1530,Tammy Ortiz,Lake Christineport
1531,Brent Thomas,West Tyler
1532,Cody Mullins Jr.,West Lisabury
1533,Shelby Lowe,Bryanstad
1534,Cynthia Owen,Onealborough
1535,Aaron Navarro,Websterchester
1536,Elizabeth Clark,Fergusonberg
1537,Lisa Simpson,Port Nathanburgh
1538,Lisa Huber,Nataliebury
1539,Michele Diaz,Powersborough
1540,Paula Rodriguez,Fowlerfort
1541,Stacey Wagner,Lamview
1542,Tiffany Morrison,East Stephen
1543,Michael Sanford,East James
1544,James Parker,Baxterberg
1545,Kyle Wheeler,Samanthaside
1546,Anthony Boyer,Watsonberg
1547,Tyler Kim,Kristenberg
1548,Bradley Jimenez,Mitchellfurt
1549,Megan Alexander,Ericastad
1550,Rebecca Bowen,East Randy
1551,Derrick Werner,Dianatown
1552,Jonathan Wilson,South David
1553,Dave Noble,Williamfort
1554,Jason Johnson,Smithport
1555,Mary Durham,Andrewport
1556,Lisa Jenkins,Paulamouth
1557,Anthony Silva,Wardstad
1558,Katelyn Wagner,New Ronald
1559,Charlotte Anderson,New Edward
1560,Renee Thomas,Nancyburgh
1561,Brian Parker,New Shawn
1562,Leslie Guzman,South Nathan
1563,Jesse Davis,New Brendastad
1564,David Hester,West Scottchester
1565,Joseph Rodriguez,Sarahside
1566,Ronald Long,Hurleytown
1567,Jennifer Valencia,Brittanyville
1568,Kimberly Moses,West Kennethhaven
1569,Claudia Scott,Lake Katherinefort
1570,Jenny Warren,Christopherborough
1571,Jodi Burke,Lake Scotthaven
1572,Jermaine Reilly,Markton
1573,Donald Pearson,Gloriaside
1574,Brandi Alvarez,Samuelside
1575,Kristen Harrell,Montestown
1576,Donna Garcia,North Judyville
1577,Joseph Vargas,Ryanhaven
1578,Arthur Herman,New Leroychester
1579,David Gibson,New Reginaldhaven
1580,Joseph Ingram,Kellerton
1581,Martha Taylor,Brentmouth
1582,Shannon Bean,Annafurt
1583,Pamela Montgomery,Jonesview
1584,Jacob Moyer,New Sherryville
1585,Juan Campos,Jaredburgh
1586,Roger Rodriguez,North Vanessa
1587,Matthew Farley,Lynchburgh
1588,Christopher Larson,Johnstonport
1589,Timothy Rodriguez,Jennifershire
1590,Brent Deleon,Gomezton
1591,Kimberly Mason,North Norma
1592,Andrea Phillips,Lake Dominic
1593,Brian Kennedy,Robertstad
1594,Nicole Gutierrez,East Micheleview
1595,Jennifer Schultz,Latoyamouth
1596,Danielle Bond,East Johnborough
1597,John Cruz,Jenniferchester
1598,Victoria Hoover,Marybury
1599,Mindy Griffith,Kingmouth
1600,Aaron Solomon,West Jeffreyberg
1601,Derek Parks,Travischester
1602,Christopher Rodriguez,Hernandezville
1603,Andre Rhodes,Cooperland
1604,Carolyn Tanner,Smithmouth
1605,Angel Short,Ramosfurt
1606,Lisa Myers,West Phillip
1607,Nathan Knapp,Curtishaven
1608,Morgan Davidson,Samanthaport
1609,Elizabeth Brown,East Elizabeth
1610,Rhonda Oliver,Lake Maria
1611,Stacy Nunez,Benjaminmouth
1612,Lisa Mckay,Melindaview
1613,Leslie Reynolds,Port Alejandroshire
1614,James Craig,South Richardborough
1615,Martin Huffman,Michaelton
1616,Rachel Williams,Lake Tammy
1617,Ashley Page,West Kaylee
1618,Jamie Alexander,Evansshire
1619,Timothy Wiggins,Port Bethany
1620,Barry Hobbs,Smithville
1621,Dana Nelson,Port Jack
1622,Kathleen Baker,Brianton
1623,Angela Ortiz,Cookstad
1624,William Wright,Garretthaven
1625,John Duncan,Welchhaven
1626,Mitchell Andrews,South Jesus
1627,Mark Cooper,Smithland
1628,Carol Kline,North Dennisshire
1629,Troy Jones,Careymouth
1630,Patrick Salinas,Lake Kayla
1631,Troy Melton,West Raymondberg
1632,Aaron Brown,Scottshire
1633,Scott Cunningham,Lake Jaclynton
1634,Rebecca Lee,Sellersfurt
1635,Joe Smith,Brittanybury
1636,Sierra Riley,North Darrylport
1637,Mark Lowe,Davefurt
1638,Jose Smith,Sarahmouth
1639,Joshua Mcdonald,North Justin
1640,Matthew Smith,Arnoldmouth
1641,Susan Sanchez,East Anthony
1642,Paul Pearson,Garciabury
1643,Tina Blankenship,East Yvette
1644,William Mcfarland,New Jennifer
1645,Troy Francis,New Theresa
1646,Elizabeth Williams,West James
1647,Bobby Sanchez,Stephanieburgh
1648,Shawn Palmer,Charlesfort
1649,Adam Lyons,Mccarthytown
1650,Nathan Lambert,Port Jeremy
1651,Peter Ryan,West Ashleymouth
1652,Rhonda Johnson,West Timothy
1653,Angela Santos,Port Morgan
1654,John Mccormick,Burgessside
1655,Elizabeth Kennedy,Port Cheryl
1656,Morgan Thomas,Williamshire
1657,Bobby Thompson,Lake Ashleyfurt
1658,Janice Black,Vanessaville
1659,Tyler Steele,Millsville
1660,Dr. Scott Ritter,East Brianmouth
1661,Neil Lee,Port Brandyfurt
1662,Rita Sanchez,Port Dylan
1663,Daniel Walker,West Victoria
1664,Anthony Lloyd,East John
1665,Kyle Gomez,Evanston
1666,Laura Fuller,Marquezmouth
1667,Levi Lozano,Johnsbury
1668,Heather Lynch,West Susanfurt
1669,Michael English,Tiffanyland
1670,Jeffrey Fox,Charlesmouth
1671,Michael Le,Maryhaven
1672,Mallory Bennett,Scottstad
1673,Christopher Sanders,New Dawn
1674,Jason Bailey,South Sara
1675,Heidi Russell,Smithport
1676,James Adams,Jenniferton
1677,James Arias,North Danny
1678,Felicia Ellis,South Trevor
1679,Jessica Carter,Garciaberg
1680,David Sims,North Sethtown
1681,Mr. Christian Rocha,Jasmineborough
1682,Jeffrey Blake,Heidifurt
1683,Cheryl Hunter,South Billyshire
1684,Julie Shaw,Saundersmouth
1685,Emma Shepard,Bakermouth
1686,Timothy Miller,Danielhaven
1687,Ana Thomas,Mcdanielborough
1688,Anthony Herring,Benjaminchester
1689,Nathan Chandler,South Staceyport
1690,Amanda Reese,Lisaville
1691,Bruce Khan,West Nicoleland
1692,Wendy Nichols,North Lauren
1693,Donna Knight,Port Jessicamouth
1694,Jill Walsh,Christophermouth
1695,Ryan Clarke,West Ashley
1696,Dominique Valdez,Bethmouth
1697,Thomas Barnes,North Robintown
1698,Wendy Crane,Perkinsfort
1699,Danielle Mccall,South Linda
1700,Kathleen Rivera,Port Duane
1701,Jeremiah Jackson,North Ashley
1702,Kenneth Pacheco,Lake Mary
1703,Dean Shaffer,East Matthew
1704,Andres Frank,Bellburgh
1705,Erin Brown,Henrytown
1706,Ashley Young,Dannyburgh
1707,Mrs. Hannah Warner MD,Claudiashire
1708,Paul Carson,Tiffanybury
1709,Tammy Merritt,Russofurt
1710,Jennifer Young,Millerport
1711,Melissa Guzman,Lake Erica
1712,Richard Sloan,Tracytown
1713,Luis Diaz,East Brian
1714,Tracy Camacho,Whiteview
1715,Sierra Johnson,Lesliefurt
1716,Christian Simon,Port Bettyton
1717,Kevin Olson MD,Michaelview
1718,Phillip Carpenter,South Jill
1719,Marc Brooks,South Dale
1720,Brandon Williams,North Austin
1721,Tonya Robertson,Bonniechester
1722,Jordan Jenkins,East Lanceburgh
1723,Nathan Reynolds,East Russellton
1724,Benjamin Carlson,South Triciaton
1725,Emily Andrews MD,Lake Stacey
1726,Alicia Farrell,New Brianton
1727,Rebecca Santos,New John
1728,Robert Morgan,North Ruthchester
1729,Christina Williams MD,Nelsonburgh
1730,Jennifer Anderson,Nicolebury
1731,Tina Nelson,Mendozaberg
1732,David Robinson,South Ian
1733,Jessica Avila,Benjaminland
1734,Timothy Johnson,Bryanstad
1735,Miranda Carson,Jamesborough
1736,Andrea Brewer,Christinamouth
1737,Mark Myers,Petersonville
1738,Albert Leach,Bakermouth
1739,Adam Hensley,North Wendyport
1740,Philip Perez,Port Curtis
1741,Kimberly White,East Lauren
1742,Douglas Myers,South Roberttown
1743,Joseph Tyler,South Deborah
1744,Beth Figueroa,New Kenneth
1745,Heather Bentley,Lake William
1746,Mark Andrews,Briggsberg
1747,Jennifer Hudson,Port Bridget
1748,Jacqueline Galloway,West Robert
1749,David Rose,South Andrewbury
1750,Denise York,Amandaside
1751,Tracy Campbell,Jamesside
1752,Erik Olson,Port Williechester
1753,Franklin Turner,Derrickmouth
1754,Madison Hernandez,South Erin
1755,Vanessa Browning,Millerborough
1756,David Shah,East Bruce
1757,Travis Nielsen,East Michaelchester
1758,Virginia Grant,Jacquelineborough
1759,Sherry Mccullough,Riveraside
1760,Teresa Rivera,Porterberg
1761,Laura Smith,West Breanna
1762,Nicole Shelton,Christopherberg
1763,Nicholas Garcia,Collinsfurt
1764,Edward Jimenez,Kyleberg
1765,Jasmine Lee,East Cynthia
1766,Alexandra Arnold,Cantrellside
1767,Bill Flores,West Natashastad
1768,Jonathan Gonzalez,Freemanberg
1769,Margaret Brewer,New Jennifer
1770,Kevin Phillips,Shanehaven
1771,Ronald Klein,Davidmouth
1772,Nicole Cameron,East Whitneymouth
1773,Desiree Saunders,South Jenniferville
1774,Kathryn Charles,Silvaview
1775,Jose Figueroa,Austinland
1776,Jonathan Williams,West Danielmouth
1777,Lori Mcdonald,West Sheryl
1778,Mark Lane,Washingtonstad
1779,Jared Mccullough,Kylemouth
1780,Melissa Sanders,North Kennethshire
1781,Leah Solomon,Johnsonview
1782,Wayne Davis,North Beverly
1783,Jordan Moreno,Kimberlychester
1784,Beth Olson,East Juan
1785,Kimberly Smith,East Dannyville
1786,Jessica Rowland,New Christopherfurt
1787,Isaiah Clark,Port Ericport
1788,Cynthia Chambers,New Megantown
1789,Grant Gilbert,West Alex
1790,Amber Sanders,Harmonhaven
1791,Laura Holland,East Alanchester
1792,Kyle Stewart,Moorefort
1793,Laura Parks,West Timothyborough
1794,Angela Whitehead,Jasminemouth
1795,Kenneth Russell,New Stephanieview
1796,Matthew Cisneros,South Alyssa
1797,Christopher Williams,Lake Cynthia
1798,Ryan Olson,New Heatherland
1799,Robert Price,Birdton
1800,Ashley Newman MD,Patelton
1801,Charles Thompson,West Robinberg
1802,Jose Mcgee,North Brittanyberg
1803,Casey Smith,Laurenmouth
1804,Monique Davis,West Janicefurt
1805,Bradley Palmer,Lake Deborahberg
1806,Jason Ho,Lake Alicia
1807,Noah Kaiser,Anthonyfurt
1808,Thomas Bradley,East Brittneyborough
1809,Phillip Parrish,South Josephmouth
1810,Vanessa Torres,North Ninaport
1811,Justin Moore MD,Arthurstad
1812,Caroline Robinson,East Rachelton
1813,Elizabeth Navarro,Thompsonchester
1814,Joshua Petersen,Lake Adam
1815,Michael Davis,New Matthew
1816,Dominic Hale,Jeremychester
1817,Eric Lee,West Jeffrey
1818,Cynthia Mclean,Port Leah
1819,Andrew Garcia,Franklinside
1820,Alexis Bradshaw,New Heather
1821,Stacey Huerta,Davishaven
1822,Ronald Williams,East Matthew
1823,Erik Gardner,Lake Jasonfurt
1824,Shannon Schultz,Gabrielton
1825,Kimberly Wood,North Kenneth
1826,Renee Pierce,Tammychester
1827,Jessica Rodriguez,Lake George
1828,Patricia Rodriguez,West Thomaschester
1829,James Alvarez,North Markland
1830,Joseph Reeves,Davidmouth
1831,Amber Michael,West Lindahaven
1832,Leah Pugh,Connorfort
1833,Mrs. Stephanie Caldwell,Meagantown
1834,Jason Mendez,Brianhaven
1835,Tiffany Jennings,Millerview
1836,Jeffrey Sanders,North Eduardo
1837,Shelly Webster,New Samantha
1838,David Heath,Devinland
1839,Curtis Sanchez,Desireeburgh
1840,Raven Ray,North Lukefort
1841,Gabrielle Rivers,Hayesstad
1842,Joshua Thompson,Robertfurt
1843,Denise Robinson,Carterborough
1844,Emily Jackson,Port Marcberg
1845,Peter Martinez,Martineztown
1846,Jacqueline Klein,Lindaport
1847,Sarah Chavez,Frankport
1848,Brianna Huffman,Dylanmouth
1849,Glen Taylor,Petersview
1850,Angela Chambers,Kimberlyside
1851,William Horton,Lake Richard
1852,Russell Diaz,Port Veronica
1853,Jill Taylor,East Edward
1854,Jason Mosley,Port Jenniferland
1855,Robert Combs,Port Danielton
1856,Pamela English,Jessicashire
1857,Stephanie Knight,West Ericahaven
1858,Brenda Smith,North Judithberg
1859,Dana Lewis,Jacquelineborough
1860,Jonathan Burgess,Cynthiahaven
1861,Sara Washington,Robinsonville
1862,Kathleen Fleming,Foxton
1863,Nicholas Waters,Wilsonview
1864,Patricia Soto,New Justinfurt
1865,Heather Smith,West Marymouth
1866,Heather Flores,Port Sethhaven
1867,Tiffany Kerr,North Antonioview
1868,Colin Owens,Anthonyland
1869,Debra Lewis,Port Elizabethtown
1870,Ryan Torres,Riggsberg
1871,Heather Mcdaniel,Port James
1872,Angela Stevenson,North Richard
1873,Christina Miller,Port Steven
1874,Judy Thornton,Scottton
1875,Courtney Moore,South Richard
1876,Alexander Newman,Thomasside
1877,Eric Armstrong,Randolphmouth
1878,Andrea Deleon,Jeffreyview
1879,Juan Brewer,Cunninghamport
1880,Jennifer Myers,West Arthurmouth
1881,Erik Marshall,Simmonsville
1882,Angela Douglas,Burnsmouth
1883,Christina Leon,Colleenview
1884,Amanda Wells,West Jasonland
1885,Jose Miller,East Beth
1886,Jennifer Gutierrez,Cynthiaview
1887,Mr. Brian Fritz DDS,South Brandon
1888,Samuel Mitchell,Eugeneborough
1889,Rodney Rice,Garyport
1890,Gerald Taylor,North Josephburgh
1891,Stacy West,East Anthony
1892,Jacob Wright,Karenbury
1893,Michelle Kelly,Port Gary
1894,Jeffrey Vasquez,South Richardchester
1895,Joseph Mayer,Porterville
1896,Vickie Barry,Kevinside
1897,Jasmine Marks,West Maryview
1898,Eric Campos,Port Kevinberg
1899,Jennifer Nelson,West Wayneshire
1900,Andrew Chavez Jr.,New Jessica
1901,Christian Garza,Lake Katie
1902,Kyle Ward,South Jacquelinestad
1903,Austin Duran,East Jeffrey
1904,Taylor Olson,New Wendy
1905,Donna Daniel,Charlesmouth
1906,Howard Davis,Lake William
1907,Gregory Jackson,New Lorichester
1908,Michelle Sanchez,Lake Davidville
1909,Tracy Leonard,North Brookeville
1910,Rebecca Parker,Morganchester
1911,Angela Robinson,Cassidyburgh
1912,Kimberly Carney,Michaelstad
1913,Laura Chung,Haleyburgh
1914,James Short,Port Brooke
1915,Dr. Samantha Hunter,New Steven
1916,Andrea Gutierrez,Yangtown
1917,Cassandra Baker,South Jennifer
1918,Albert Palmer,Nicholasside
1919,James Hamilton,North Marthamouth
1920,John Thompson,East Steven
1921,Kristine Villegas,Lake Donaldchester
1922,Randall Hicks,New Todd
1923,Alex Zamora,Brennanfort
1924,Mr. Brandon Cox,Maryland
1925,Taylor Gordon,North Yvonne
1926,Jacqueline Wright,North Michelestad
1927,Christopher Williams,West Jeffreyshire
1928,Charles Stone,Lake Jamesmouth
1929,Kevin Berger,Port John
1930,Dr. Valerie Reyes DDS,South Robert
1931,Michael Nguyen,South Andrewview
1932,Mary Pope MD,New Steven
1933,Justin Douglas,West Reneeshire
1934,Marcus Green,Port Susanfort
1935,Angela Jones,South Nicolestad
1936,Sarah Esparza,West Deborah
1937,Bradley Davis,West Thomaston
1938,David Davis,Craigmouth
1939,Edward Fields,Millerville
1940,John Mack,Aaronfort
1941,Kimberly Sims,Johnsonstad
1942,Mrs. Sara Meza,Juarezside
1943,Kevin Ward,New Tarabury
1944,Erica Wood,Port Brian
1945,Patrick Gray,Port Christopher
1946,Cody Young,Riverabury
1947,Danielle Vega,North Donna
1948,Jose Burgess,New Ricky
1949,Kelly Horn,Lisaview
1950,Michael Combs,Lake Joshuatown
1951,Stephanie Anderson,Gordontown
1952,Patricia Sampson,South Tyler
1953,April Jones,Kellyborough
1954,Eric Garcia,Aguilarbury
1955,Scott Brown,Davidburgh
1956,Chelsea Patterson,Traceyberg
1957,Melissa Bowman,Aguilarmouth
1958,Cindy Phillips,Herringchester
1959,Robert James,East Matthew
1960,Charles Young MD,Phelpsville
1961,Jacob Williams,Graybury
1962,Greg Roberts,Birdburgh
1963,Michelle Ramos,Lake Katherineview
1964,James Rivas,Billymouth
1965,Amanda Trevino,North Jacobmouth
1966,Larry Davis,Brennanmouth
1967,Terry Berry,West Jacobton
1968,Matthew Harris,South Steven
1969,Laura Maxwell,East Coryburgh
1970,Joseph Walls,Hurleyville
1971,Travis Reyes,New Selena
1972,David Roberts,Charlesbury
1973,Joseph Miller,North Stephenmouth
1974,Pamela Graves,Stephaniemouth
1975,Michael White,Port Robert
1976,Sarah Morton,Lake Justin
1977,Melissa Smith,North Maxmouth
1978,Lorraine Smith,Robinstad
1979,Paula Krause,Petersonland
1980,Nicole Nguyen,West Tylerbury
1981,Denise Richard,North Carmen
1982,Stephen Schaefer,Port Matthew
1983,Rhonda Lewis,Sarahville
1984,Nathaniel Bond,South Debbieview
1985,Kelli Anthony,Port Phillip
1986,Jason Howard,Matthewburgh
1987,Valerie Roberts,Lake Amy
1988,Robyn Horton,Brianland
1989,Hannah Sanchez,Lake Todd
1990,Lisa Garcia,Allisontown
1991,Nancy Gonzalez,Samanthaville
1992,Jamie Barrett,Patelland
1993,Lori Hoffman,Darlenetown
1994,Jennifer Potter,Fisherberg
1995,Edwin Allen,East Brianside
1996,Mitchell Patel,East Josephside
1997,David Mitchell,Port Dominiquehaven
1998,Laura Bentley,Port Anthonybury
1999,Christopher Jackson,Port Dianefort
2000,Crystal Davis,Jonesmouth
